-- phpMyAdmin SQL Dump
-- version 4.8.5
-- https://www.phpmyadmin.net/
--
-- Host: custsql-ipg46.eigbox.net
-- Generation Time: Aug 31, 2021 at 05:09 AM
-- Server version: 5.6.51-91.0-log
-- PHP Version: 7.0.33-0ubuntu0.16.04.14

SET SQL_MODE = "NO_AUTO_VALUE_ON_ZERO";
SET AUTOCOMMIT = 0;
START TRANSACTION;
SET time_zone = "+00:00";


/*!40101 SET @OLD_CHARACTER_SET_CLIENT=@@CHARACTER_SET_CLIENT */;
/*!40101 SET @OLD_CHARACTER_SET_RESULTS=@@CHARACTER_SET_RESULTS */;
/*!40101 SET @OLD_COLLATION_CONNECTION=@@COLLATION_CONNECTION */;
/*!40101 SET NAMES utf8mb4 */;

--
-- Database: `samah123`
--

-- --------------------------------------------------------

--
-- Table structure for table `answer`
--

CREATE TABLE `answer` (
  `id` int(11) NOT NULL,
  `exam_id` int(11) NOT NULL,
  `mark` int(11) NOT NULL,
  `user_id` int(11) NOT NULL,
  `date` date DEFAULT NULL,
  `lesson_id` int(11) DEFAULT NULL,
  `answer` varchar(255) NOT NULL
) ENGINE=InnoDB DEFAULT CHARSET=utf8;

--
-- Dumping data for table `answer`
--

INSERT INTO `answer` (`id`, `exam_id`, `mark`, `user_id`, `date`, `lesson_id`, `answer`) VALUES
(62, 38, 0, 422, '2021-07-01', NULL, ''),
(63, 39, 10, 466, '2021-07-03', NULL, ''),
(64, 39, 0, 392, '2021-07-05', NULL, ''),
(65, 39, 0, 487, '2021-07-05', NULL, ''),
(66, 39, 2, 505, '2021-07-08', NULL, ''),
(67, 41, 10, 484, '2021-07-09', NULL, ''),
(68, 41, 4, 511, '2021-07-10', NULL, ''),
(69, 39, 5, 469, '2021-07-11', NULL, ''),
(70, 39, 2, 432, '2021-07-13', NULL, ''),
(71, 39, 2, 448, '2021-07-13', NULL, ''),
(72, 39, 2, 445, '2021-07-19', NULL, '');

-- --------------------------------------------------------

--
-- Table structure for table `audios`
--

CREATE TABLE `audios` (
  `audio_id` int(11) NOT NULL,
  `audio_name` varchar(255) NOT NULL,
  `audio` varchar(255) NOT NULL,
  `created_at` date NOT NULL,
  `status` tinyint(4) NOT NULL DEFAULT '0',
  `cat_id` int(11) NOT NULL,
  `orders` int(11) NOT NULL DEFAULT '0',
  `audio_desc` text,
  `member_id` int(11) NOT NULL
) ENGINE=InnoDB DEFAULT CHARSET=utf8mb4;

-- --------------------------------------------------------

--
-- Table structure for table `benfits`
--

CREATE TABLE `benfits` (
  `benfit_id` int(11) NOT NULL,
  `description` varchar(225) NOT NULL,
  `benfit_image` varchar(225) NOT NULL,
  `benfit_date` date NOT NULL
) ENGINE=InnoDB DEFAULT CHARSET=utf8mb4;

--
-- Dumping data for table `benfits`
--

INSERT INTO `benfits` (`benfit_id`, `description`, `benfit_image`, `benfit_date`) VALUES
(2, '', '60877_maxresdefault (1).jpg', '2021-01-10'),
(4, '', '27422_صور-مكتوب-عليها4-1024x686.jpg', '2021-01-10'),
(5, 'السلام عليكم \r\nيا شباب عندما تصاب بالكسل فتذكر حلاوة النجاح ويوم اعلان النتائج \r\nوفقكم الله وبارك فيكم', '61604_x1080.jpg', '2021-01-23');

-- --------------------------------------------------------

--
-- Table structure for table `category`
--

CREATE TABLE `category` (
  `category_id` int(11) NOT NULL,
  `category_name` varchar(255) NOT NULL,
  `category_description` text NOT NULL,
  `ordering` int(11) DEFAULT '0',
  `parent` int(11) NOT NULL,
  `Visibility` tinyint(4) NOT NULL,
  `Allow_Comment` tinyint(4) NOT NULL,
  `Allow_Ads` tinyint(4) NOT NULL,
  `image` varchar(255) NOT NULL
) ENGINE=InnoDB DEFAULT CHARSET=utf8;

--
-- Dumping data for table `category`
--

INSERT INTO `category` (`category_id`, `category_name`, `category_description`, `ordering`, `parent`, `Visibility`, `Allow_Comment`, `Allow_Ads`, `image`) VALUES
(23, 'الصف الثالث الثانوى', 'الصف الثالث الثانوى', 0, 0, 1, 0, 0, '81273_'),
(27, 'الصف الثاني الثانوى', 'الصف الثاني الثانوى', 0, 0, 1, 0, 0, ''),
(31, 'Summer Course ', 'Summer Course 1st - 3rd', 0, 0, 0, 0, 0, ''),
(34, 'الصف الاول الثانوى', 'الصف الاول الثانوى', 0, 0, 1, 0, 0, ''),
(35, 'summer course', 'summer course', 0, 31, 0, 0, 0, ''),
(38, 'مراجعة ليلة الامتحان', 'مراجعة ليلة الامتحان', 0, 23, 0, 0, 0, ''),
(39, 'Unit 1', 'الثانى الثانوى', 0, 27, 1, 0, 0, ''),
(41, 'الاول الثانوى', 'unit 1', 0, 34, 1, 0, 0, ''),
(42, 'الثالث الثانوى', 'writing skills ', 0, 23, 1, 0, 0, '');

-- --------------------------------------------------------

--
-- Table structure for table `comments`
--

CREATE TABLE `comments` (
  `comment_id` int(11) NOT NULL,
  `comment` text NOT NULL,
  `comment_data` date NOT NULL,
  `status` tinyint(4) NOT NULL DEFAULT '0',
  `member_id` int(11) NOT NULL,
  `post_id` int(11) DEFAULT NULL,
  `lesson_id` int(11) DEFAULT NULL,
  `message_id` int(11) DEFAULT NULL
) ENGINE=InnoDB DEFAULT CHARSET=utf8;

-- --------------------------------------------------------

--
-- Table structure for table `events`
--

CREATE TABLE `events` (
  `events_id` int(11) NOT NULL,
  `events_name` varchar(255) CHARACTER SET utf8 NOT NULL,
  `events_description` text CHARACTER SET utf8 NOT NULL,
  `events_time` time DEFAULT NULL,
  `events_date` date DEFAULT NULL,
  `cat_id` int(11) DEFAULT NULL,
  `orders` int(11) NOT NULL DEFAULT '0'
) ENGINE=InnoDB DEFAULT CHARSET=utf8mb4;

-- --------------------------------------------------------

--
-- Table structure for table `exams`
--

CREATE TABLE `exams` (
  `exam_id` int(11) NOT NULL,
  `exam_name` varchar(255) NOT NULL,
  `exam_date` date NOT NULL,
  `categ_id` int(11) NOT NULL,
  `member_id` int(11) NOT NULL,
  `lesson_id` int(11) DEFAULT NULL,
  `link` varchar(225) NOT NULL,
  `exam_desc` text,
  `number` int(11) DEFAULT '10',
  `type` int(11) NOT NULL DEFAULT '0',
  `time` int(11) NOT NULL DEFAULT '1800',
  `orders` int(11) NOT NULL DEFAULT '0'
) ENGINE=InnoDB DEFAULT CHARSET=utf8;

--
-- Dumping data for table `exams`
--

INSERT INTO `exams` (`exam_id`, `exam_name`, `exam_date`, `categ_id`, `member_id`, `lesson_id`, `link`, `exam_desc`, `number`, `type`, `time`, `orders`) VALUES
(38, 'تسميع', '2021-07-01', 32, 1, 144, '', NULL, 10, 1, 3600, 0),
(39, 'تسميع كلمات 1', '2021-07-03', 35, 392, 146, '', NULL, 10, 1, 6000, 0),
(41, 'تسميع كلمات 2', '2021-07-09', 35, 392, 150, '', NULL, 10, 1, 1200, 0);

-- --------------------------------------------------------

--
-- Table structure for table `lessons`
--

CREATE TABLE `lessons` (
  `lesson_id` int(11) NOT NULL,
  `lesson_name` varchar(255) NOT NULL,
  `lesson_description` text NOT NULL,
  `video` varchar(255) NOT NULL,
  `lesson_data` date NOT NULL,
  `member_id` int(11) NOT NULL,
  `cat_id` int(11) NOT NULL,
  `video_name` varchar(225) DEFAULT NULL,
  `youtube` tinyint(4) NOT NULL DEFAULT '0',
  `Approve` tinyint(1) NOT NULL DEFAULT '0',
  `pdf` varchar(255) DEFAULT NULL,
  `orders` int(11) NOT NULL DEFAULT '0'
) ENGINE=InnoDB DEFAULT CHARSET=utf8;

--
-- Dumping data for table `lessons`
--

INSERT INTO `lessons` (`lesson_id`, `lesson_name`, `lesson_description`, `video`, `lesson_data`, `member_id`, `cat_id`, `video_name`, `youtube`, `Approve`, `pdf`, `orders`) VALUES
(142, 'summer course 3rd', 'gvhfhfgvhg', '<iframe width=\"560\" height=\"315\" src=\"https://www.youtube.com/embed/YlDg7X11s5U\" title=\"YouTube video player\" frameborder=\"0\" allow=\"accelerometer; autoplay; clipboard-write; encrypted-media; gyroscope; picture-in-picture\" allowfullscreen></iframe>', '2021-06-21', 1, 24, NULL, 0, 1, 'jghghfgh', 0),
(143, 'انطق صح', 'تتخت', '<iframe width=\"560\" height=\"315\" src=\"https://www.youtube.com/embed/twGCisIL364\" title=\"YouTube video player\" frameborder=\"0\" allow=\"accelerometer; autoplay; clipboard-write; encrypted-media; gyroscope; picture-in-picture\" allowfullscreen></iframe>', '2021-07-01', 1, 33, NULL, 0, 1, '', 0),
(144, 'نصيحة لطالبة الــ online  اللى هيدرسوا الــ course', 'نخنخ', '<iframe width=\"560\" height=\"315\" src=\"https://www.youtube.com/embed/twGCisIL364\" title=\"YouTube video player\" frameborder=\"0\" allow=\"accelerometer; autoplay; clipboard-write; encrypted-media; gyroscope; picture-in-picture\" allowfullscreen></iframe>', '2021-07-01', 1, 33, NULL, 0, 1, '', 0),
(145, 'الكورس 1', 'present simple  المضارع البسيط', 'https://vimeo.com/569988257', '2021-07-01', 1, 0, NULL, 0, 1, '', 0),
(146, 'المحاضرة 1', 'present simple ', '<iframe src=\"https://player.vimeo.com/video/569988257?badge=0&autopause=0&player_id=0&app_id=58479\" frameborder=\"0\" allow=\"autoplay; fullscreen; picture-in-picture\" allowfullscreen ></iframe>', '2021-07-01', 392, 35, NULL, 0, 1, '', 0),
(147, 'المحاضرة 2', 'تابع present simple', '<iframe src=\"https://player.vimeo.com/video/570008041?badge=0&autopause=0&player_id=0&app_id=58479\" frameborder=\"0\" allow=\"autoplay; fullscreen; picture-in-picture\" allowfullscreen ></iframe>', '2021-07-01', 392, 35, NULL, 0, 1, '', 0),
(148, 'المحاضرة 3', 'past simple', '<iframe src=\"https://player.vimeo.com/video/571138169?badge=0&autopause=0&player_id=0&app_id=58479\" frameborder=\"0\" allow=\"autoplay; fullscreen; picture-in-picture\" allowfullscreen ></iframe>\r\n', '2021-07-05', 392, 35, NULL, 0, 1, '', 0),
(149, 'المحاضرة 4', 'present continuous', '<iframe src=\"https://player.vimeo.com/video/571259922?badge=0&autopause=0&player_id=0&app_id=58479\" frameborder=\"0\" allow=\"autoplay; fullscreen; picture-in-picture\" allowfullscreen ></iframe>\r\n', '2021-07-05', 392, 35, NULL, 0, 1, '', 0),
(150, 'المحاضرة 5', 'past continuous', '<iframe src=\"https://player.vimeo.com/video/572528096?badge=0&autopause=0&player_id=0&app_id=58479\" frameborder=\"0\" allow=\"autoplay; fullscreen; picture-in-picture\" allowfullscreen ></iframe>', '2021-07-08', 392, 35, NULL, 0, 1, '', 0),
(151, 'المحاضرة 6', 'present perfect', '<iframe src=\"https://player.vimeo.com/video/572536706?badge=0&autopause=0&player_id=0&app_id=58479\" frameborder=\"0\" allow=\"autoplay; fullscreen; picture-in-picture\" allowfullscreen ></iframe>', '2021-07-08', 392, 35, NULL, 0, 1, '', 0),
(152, 'المحاضرة 7 الجمعة 1', 'صوتيات', '<iframe src=\"https://player.vimeo.com/video/573501636?badge=0&autopause=0&player_id=0&app_id=58479\" frameborder=\"0\" </iframe>allow=\"autoplay; fullscreen; picture-in-picture\" allowfullscreen ', '2021-07-11', 392, 35, NULL, 0, 1, '', 0),
(153, 'المحاضرة 8', 'present perfect', '<iframe src=\"https://player.vimeo.com/video/573691122?badge=0&amp;autopause=0&amp;player_id=0&amp;app_id=58479\" frameborder=\"0\" allow=\"autoplay; fullscreen; picture-in-picture\" allowfullscreen ', '2021-07-11', 392, 35, NULL, 0, 1, '', 0),
(154, 'المحاضرة 9', 'past perfect', '<iframe src=\"https://player.vimeo.com/video/573727763?badge=0&amp;autopause=0&amp;player_id=0&amp;app_id=58479\" frameborder=\"0\" allow=\"autoplay; fullscreen; picture-in-picture\" allowfullscreen ', '2021-07-11', 392, 35, NULL, 0, 1, '', 0),
(155, 'المحاضرة 10', 'future forms', '<iframe src=\"https://player.vimeo.com/video/456048187?badge=0&amp;autopause=0&amp;player_id=0&amp;app_id=58479&amp;h=e0033d2978\" width=\"1920\" height=\"1080\" frameborder=\"0\" allow=\"autoplay; fullscreen; picture-in-picture\" allowfullscreen title=\"زمن الماضي ', '2021-07-14', 392, 35, NULL, 0, 0, '', 0),
(156, 'المحاضرة 11 الجمعة 2', 'phonetics', '<iframe src=\"https://player.vimeo.com/video/576135740?badge=0&amp;autopause=0&amp;player_id=0&amp;app_id=58479\" frameborder=\"0\" allow=\"autoplay; fullscreen; picture-in-picture\" allowfullscreen ', '2021-07-17', 392, 35, NULL, 0, 1, '', 0),
(157, 'المحاضرة 12', 'Pronouns', '<iframe src=\"https://player.vimeo.com/video/576884253?badge=0&amp;autopause=0&amp;player_id=0&amp;app_id=58479\" frameborder=\"0\" allow=\"autoplay; fullscreen; picture-in-picture\" allowfullscreen ', '2021-07-19', 392, 35, NULL, 0, 1, '', 0),
(158, 'مراجعة ليلة الامتحان ثانوية عامة 1', 'ليلة الامتحان', '<iframe src=\"https://player.vimeo.com/video/579149755?badge=0&amp;autopause=0&amp;player_id=0&amp;app_id=58479\" frameborder=\"0\" allow=\"autoplay; fullscreen; picture-in-picture\" allowfullscreen ', '2021-07-25', 392, 37, NULL, 0, 1, '', 0),
(159, 'ليلة الامتحان 1', 'مراجعة المهارات', '<iframe src=\"https://player.vimeo.com/video/579149755?badge=0&autopause=0&player_id=0&app_id=58479\" frameborder=\"0\" allow=\"autoplay; fullscreen; picture-in-picture\" allowfullscreen ></iframe>\r\n', '2021-07-25', 392, 38, NULL, 0, 1, '', 0),
(160, 'ليلة الامتحان 2', 'units 1-8', '><iframe src=\"https://player.vimeo.com/video/579164729?badge=0&autopause=0&player_id=0&app_id=58479\" frameborder=\"0\" ></iframe>allow=\"autoplay; fullscreen; picture-in-picture\" allowfullscreen ', '2021-07-25', 392, 38, NULL, 0, 1, '', 0),
(161, 'ليلة الامتحان 3', 'units 9-16', '><iframe src=\"https://player.vimeo.com/video/579168938?badge=0&amp;autopause=0&amp;player_id=0&amp;app_id=58479\" frameborder=\"0\" allow=\"autoplay; fullscreen; picture-in-picture\" ></iframe>allowfullscreen ', '2021-07-25', 392, 0, NULL, 0, 1, '', 0),
(162, 'ليلة الامتحان 3', 'units 9-16', '<iframe src=\"https://player.vimeo.com/video/579168938?badge=0&amp;autopause=0&amp;player_id=0&amp;app_id=58479\" frameborder=\"0\" allow=\"autoplay; fullscreen; picture-in-picture\" ></iframe>allowfullscreen ', '2021-07-25', 392, 38, NULL, 0, 1, '', 0),
(163, 'المحاضرة 13 ', 'passive', '><iframe src=\"https://player.vimeo.com/video/579513097?badge=0&autopause=0&player_id=0&app_id=58479\" frameborder=\"0\" ></iframe>allow=\"autoplay; fullscreen; picture-in-picture\" allowfullscreen ', '2021-07-26', 392, 35, NULL, 0, 1, '', 0),
(164, 'المحاضرة 14', 'direct - in direct', '><iframe src=\"https://player.vimeo.com/video/504767963?badge=0&amp;autopause=0&amp;player_id=0&amp;app_id=58479\" frameborder=\"0\" allow=\"autoplay; fullscreen; picture-in-picture\" allowfullscreen ', '2021-07-30', 392, 0, NULL, 0, 1, '', 0),
(165, 'المحاضرة 14', 'direct - indirect', '><iframe src=\"https://player.vimeo.com/video/504767963?badge=0&amp;autopause=0&amp;player_id=0&amp;app_id=58479\" frameborder=\"0\" allow=\"autoplay; fullscreen; picture-in-picture\" allowfullscreen ', '2021-07-30', 392, 0, NULL, 0, 1, '', 0),
(166, 'المحاضرة 14', 'direct - indirect', '<iframe src=\"https://player.vimeo.com/video/504767963?badge=0&amp;autopause=0&amp;player_id=0&amp;app_id=58479\" frameborder=\"0\" allow=\"autoplay; fullscreen; picture-in-picture\" allowfullscreen ></iframe>\r\n', '2021-07-30', 392, 0, NULL, 0, 1, '', 0),
(167, 'المحاضرة 14', 'direct - indirect', '><iframe src=\"https://player.vimeo.com/video/504767963?badge=0&amp;autopause=0&amp;player_id=0&amp;app_id=58479\" frameborder=\"0\" allow=\"autoplay; fullscreen; picture-in-picture\" allowfullscreen ', '2021-07-30', 392, 0, NULL, 0, 1, '', 0),
(168, 'المحاضرة 14', 'direct - indirect', '<div style=\"padding:56.25% 0 0 0;position:relative;\"><iframe src=\"https://player.vimeo.com/video/504767963?badge=0&amp;autopause=0&amp;player_id=0&amp;app_id=58479\" frameborder=\"0\" allow=\"autoplay; fullscreen; picture-in-picture\" allowfullscreen style=\"po', '2021-07-30', 392, 0, NULL, 0, 1, '', 0),
(170, 'المحاضرة 14', 'direct - indirect', '><iframe src=\"https://player.vimeo.com/video/504767963?badge=0&amp;autopause=0&amp;player_id=0&amp;app_id=58479\" frameborder=\"0\" allow=\"autoplay; fullscreen; picture-in-picture\" allowfullscreen ', '2021-07-30', 392, 0, NULL, 0, 1, '', 0),
(171, 'المحاضرة 14', 'sadsadas', '><iframe src=\"https://player.vimeo.com/video/538166434?badge=0&amp;autopause=0&amp;player_id=0&amp;app_id=58479\" frameborder=\"0\" allow=\"autoplay; fullscreen; picture-in-picture\" allowfullscreen style=\"position:absolute;top:0;left:0;width:100%;height:100%;', '2021-07-30', 392, 0, NULL, 0, 1, '', 0),
(172, 'المحاضرة 14 ', 'المحاضرة 14 ', '<iframe src=\"https://player.vimeo.com/video/504767963?badge=0&autopause=0&player_id=0&app_id=58479\" frameborder=\"0\" allow=\"autoplay; fullscreen; picture-in-picture\" allowfullscreen ></iframe>', '2021-07-30', 392, 35, NULL, 0, 1, '', 0),
(173, 'Grammar unit 1 (must)', 'Grammar', '><iframe src=\"https://player.vimeo.com/video/526704198?badge=0&amp;autopause=0&amp;player_id=0&amp;app_id=58479\" frameborder=\"0\" allow=\"autoplay; fullscreen; picture-in-picture\" allowfullscreen ', '2021-08-01', 392, 0, NULL, 0, 1, '', 0),
(174, 'Grammar unit 1 (must)', 'grammar', '><iframe src=\"https://player.vimeo.com/video/526704198?badge=0&amp;autopause=0&amp;player_id=0&amp;app_id=58479\" frameborder=\"0\" allow=\"autoplay; fullscreen; picture-in-picture\" allowfullscreen ', '2021-08-01', 392, 39, NULL, 0, 1, '', 0),
(177, 'past simple', 'grammar', '<iframe src=\"https://player.vimeo.com/video/456045214?badge=0&amp;autopause=0&amp;player_id=0&amp;app_id=58479&amp;h=bc691804c6\" frameborder=\"0\" allow=\"autoplay; fullscreen', '2021-08-25', 392, 0, NULL, 0, 1, '', 0),
(178, 'past simple', 'grammar', '<iframe src=\"https://player.vimeo.com/video/456045214?badge=0&amp;autopause=0&amp;player_id=0&amp;app_id=58479&amp;h=bc691804c6\" frameborder=\"0\" allow=\"autoplay; fullscreen', '2021-08-25', 392, 41, NULL, 0, 1, '', 0),
(179, 'past continuous', 'grammar', '<iframe src=\"https://player.vimeo.com/video/456048187?badge=0&amp;autopause=0&amp;player_id=0&amp;app_id=58479&amp;h=e0033d2978\"  frameborder=\"0\" allow=\"autoplay; fullscreen; picture-in-picture\" allowfullscreen ></iframe>', '2021-08-25', 392, 41, NULL, 0, 0, '', 0),
(180, 'writing skills 1', 'مهارات الكتابه', '<iframe src=\"https://player.vimeo.com/video/593641102?badge=0&amp;autopause=0&amp;player_id=0&amp;app_id=58479&amp;h=212e5e0fc2\" frameborder=\"0\" allow=\"autoplay; fullscreen; picture-in-picture\" allowfullscreen ', '2021-08-28', 392, 0, NULL, 0, 1, '', 0),
(181, 'writing skills 1', 'skills', '<iframe src=\"https://player.vimeo.com/video/593641102?badge=0&amp;autopause=0&amp;player_id=0&amp;app_id=58479&amp;h=212e5e0fc2\" frameborder=\"0\" allow=\"autoplay; fullscreen; picture-in-picture\" allowfullscreen ></iframe>\r\n', '2021-08-28', 392, 42, NULL, 0, 1, '', 0),
(182, 'writing skills 2', 'skills', '<iframe src=\"https://player.vimeo.com/video/593830260?badge=0&amp;autopause=0&amp;player_id=0&amp;app_id=58479&amp;h=5785265ce7\" frameborder=\"0\" allow=\"autoplay; fullscreen; picture-in-picture\" allowfullscreen ></iframe>\r\n', '2021-08-28', 392, 42, NULL, 0, 1, '', 0),
(185, '(Revising the grammar homework (must unit 1', 'حل واجبات', '<iframe src=\"https://player.vimeo.com/video/468604568?badge=0&amp;autopause=0&amp;player_id=0&amp;app_id=58479&amp;h=5ae6cb803c\" frameborder=\"0\" allow=\"autoplay; fullscreen; picture-in-picture\" allowfullscreen ></iframe>\r\n', '2021-08-28', 392, 39, NULL, 0, 1, '', 0);

-- --------------------------------------------------------

--
-- Table structure for table `lesson_member`
--

CREATE TABLE `lesson_member` (
  `lesson_member_id` int(11) NOT NULL,
  `lesson_id` int(11) NOT NULL,
  `member_id` int(11) NOT NULL,
  `date` date NOT NULL,
  `type` tinyint(4) NOT NULL DEFAULT '0',
  `cat_id` int(11) DEFAULT NULL,
  `last_date` date DEFAULT NULL,
  `next_id` tinyint(4) NOT NULL DEFAULT '0'
) ENGINE=InnoDB DEFAULT CHARSET=latin1;

--
-- Dumping data for table `lesson_member`
--

INSERT INTO `lesson_member` (`lesson_member_id`, `lesson_id`, `member_id`, `date`, `type`, `cat_id`, `last_date`, `next_id`) VALUES
(54, 146, 392, '2021-07-02', 1, 35, NULL, 0),
(82, 148, 392, '2021-07-06', 1, 35, NULL, 0),
(83, 149, 392, '2021-07-06', 1, 35, NULL, 0),
(141, 150, 392, '2021-07-09', 1, 35, NULL, 0),
(142, 151, 392, '2021-07-09', 1, 35, NULL, 0),
(169, 152, 392, '2021-07-11', 1, 35, NULL, 0),
(258, 159, 392, '2021-07-25', 1, 38, NULL, 0),
(355, 172, 392, '2021-07-30', 1, 35, NULL, 0),
(387, 174, 612, '2021-08-25', 1, 39, NULL, 0),
(389, 178, 613, '2021-08-25', 1, 41, NULL, 0),
(390, 179, 613, '2021-08-25', 1, 41, NULL, 0),
(391, 181, 615, '2021-08-28', 1, 42, NULL, 0),
(392, 182, 615, '2021-08-28', 1, 42, NULL, 0),
(395, 185, 612, '2021-08-28', 1, 39, NULL, 0);

-- --------------------------------------------------------

--
-- Table structure for table `live`
--

CREATE TABLE `live` (
  `live_id` int(11) NOT NULL,
  `link` text CHARACTER SET utf8,
  `cat_id` int(11) DEFAULT NULL,
  `date` date NOT NULL,
  `orders` int(11) NOT NULL DEFAULT '0'
) ENGINE=InnoDB DEFAULT CHARSET=latin1;

--
-- Dumping data for table `live`
--

INSERT INTO `live` (`live_id`, `link`, `cat_id`, `date`, `orders`) VALUES
(8, 'لابءلاؤبرؤبلا', 0, '2021-06-17', 1),
(9, 'ايبقلبيل', 0, '2021-06-17', 1);

-- --------------------------------------------------------

--
-- Table structure for table `main`
--

CREATE TABLE `main` (
  `main_id` int(11) NOT NULL,
  `first` int(11) NOT NULL DEFAULT '50',
  `second` int(11) NOT NULL DEFAULT '50',
  `third` int(11) NOT NULL DEFAULT '50'
) ENGINE=InnoDB DEFAULT CHARSET=utf8mb4;

-- --------------------------------------------------------

--
-- Table structure for table `members`
--

CREATE TABLE `members` (
  `userid` int(11) NOT NULL,
  `username` varchar(255) NOT NULL,
  `password` varchar(255) NOT NULL,
  `email` varchar(255) DEFAULT NULL,
  `fullname` varchar(255) DEFAULT NULL,
  `groupid` int(11) NOT NULL DEFAULT '0',
  `regstatus` int(11) NOT NULL DEFAULT '0',
  `date` date NOT NULL,
  `avatar` varchar(225) NOT NULL DEFAULT 'img.png',
  `lil` text,
  `orders` int(11) NOT NULL DEFAULT '0',
  `lil_data` date DEFAULT NULL,
  `phone` int(20) DEFAULT NULL,
  `only` int(11) NOT NULL DEFAULT '0',
  `phone_2` int(11) DEFAULT NULL,
  `country` varchar(255) DEFAULT NULL,
  `city` varchar(255) DEFAULT NULL,
  `mac` varchar(255) DEFAULT NULL
) ENGINE=InnoDB DEFAULT CHARSET=utf8;

--
-- Dumping data for table `members`
--

INSERT INTO `members` (`userid`, `username`, `password`, `email`, `fullname`, `groupid`, `regstatus`, `date`, `avatar`, `lil`, `orders`, `lil_data`, `phone`, `only`, `phone_2`, `country`, `city`, `mac`) VALUES
(392, 'احمد الطارون', '03b189af563d15d5349961931093dae7ebcfa7bc', 'Samehbahnasy78@gmail.com', NULL, 31, 1, '2021-06-21', 'img.png', NULL, 0, NULL, 1001929178, 1, 2147483647, 'الجيزة', NULL, '67d6f947ed6cd5d9f1afabf1eb143a2105446939'),
(612, 'سامح بهنسى 2ث', '03b189af563d15d5349961931093dae7ebcfa7bc', 'samehbahnasy78@gmail.com', NULL, 27, 1, '2021-08-25', 'img.png', NULL, 0, NULL, 1001929178, 0, 1001929178, 'كفر الشيخ', 'كفر الشيخ', NULL),
(613, 'سامح بهنسى 1ث', '03b189af563d15d5349961931093dae7ebcfa7bc', 'samehbahnasy78@gmail.com', NULL, 34, 1, '2021-08-25', 'img.png', NULL, 0, NULL, 1001929178, 0, 1001929178, 'كفر الشيخ', 'كفر الشيخ', NULL),
(614, 'Dounia ismail fathy', 'eba4191b3835942556ad9ec8f70c5032c89b02f5', 'dony@g.com', NULL, 31, 0, '2021-08-28', 'img.png', NULL, 0, NULL, 1033645759, 0, 1033645759, 'كفر الشيخ', '', NULL),
(615, 'سامح بهنسى 3ث', '03b189af563d15d5349961931093dae7ebcfa7bc', 'samehbahnasy78@gmail.com', NULL, 23, 1, '2021-08-28', 'img.png', NULL, 0, NULL, 1001929178, 0, 1001929178, 'كفر الشيخ', 'كفر الشيخ', NULL),
(616, 'Youmna El-sayed', '023bef7fe72acc79aa1e917351f4d70848e37c9d', '', NULL, 23, 0, '2021-08-29', 'img.png', NULL, 0, NULL, 1020162139, 0, 1023477917, 'كفر الشيخ', '', NULL),
(617, 'DavidCex', '5752913b5a885547012078bf288facf5322f9431', 'roilugneutine@mail.com', NULL, 31, 0, '2021-08-29', 'img.png', NULL, 0, NULL, 2147483647, 0, 2147483647, '??????', 'Banjul', NULL),
(618, 'Jesseinvom', '3da90ceb36028084b14a54a4978006b23c27b995', 'liolectpirocard@mail.com', NULL, 34, 0, '2021-08-29', 'img.png', NULL, 0, NULL, 2147483647, 0, 2147483647, '????????', 'Jubail', NULL),
(619, 'Anthonychard', '9f76d0995da2c030f5b82aab685deef238db8564', 'theilaropjobspop@mail.com', NULL, 31, 0, '2021-08-30', 'img.png', NULL, 0, NULL, 2147483647, 0, 2147483647, '???????', 'Montevideo', NULL),
(620, 'RichardZEDLY', '030e9296b8954625caf96d822f3e07d3f4fc6802', 'kensawerlernmi@mail.com', NULL, 31, 0, '2021-08-30', 'img.png', NULL, 0, NULL, 2147483647, 0, 2147483647, ' ?????', 'Parnu', NULL),
(621, 'asmaasayedhagag', '1132fd50e012f8bcd07efbe2dfc1640cd1f16c99', 'asmaaelsayedhagag@com', NULL, 34, 0, '2021-08-30', 'img.png', NULL, 0, NULL, 1095296222, 0, 1200920080, 'كفر الشيخ', 'اسحاقه', NULL),
(622, 'مريم شوكت لطفي حنيش', '974e2d2d1f93eb76953c9ad4271df156b187772e', 'mariamshawkat232@gmail.com', NULL, 23, 0, '2021-08-30', 'img.png', NULL, 0, NULL, 1063457073, 0, 1019013528, 'كفر الشيخ', '', NULL);

-- --------------------------------------------------------

--
-- Table structure for table `message`
--

CREATE TABLE `message` (
  `id` int(11) NOT NULL,
  `message` varchar(255) CHARACTER SET utf8 DEFAULT NULL,
  `user_id` int(11) DEFAULT NULL,
  `date` date DEFAULT NULL,
  `username` varchar(255) CHARACTER SET utf8 DEFAULT NULL,
  `email` varchar(255) CHARACTER SET utf8 DEFAULT NULL
) ENGINE=InnoDB DEFAULT CHARSET=latin1;

-- --------------------------------------------------------

--
-- Table structure for table `part`
--

CREATE TABLE `part` (
  `part_id` int(11) NOT NULL,
  `part_name` varchar(255) NOT NULL,
  `exam_id` int(11) DEFAULT NULL,
  `number` int(11) DEFAULT NULL,
  `photo` varchar(255) CHARACTER SET utf8 DEFAULT NULL,
  `date` date NOT NULL,
  `time` int(11) DEFAULT NULL
) ENGINE=InnoDB DEFAULT CHARSET=utf8mb4;

-- --------------------------------------------------------

--
-- Table structure for table `post`
--

CREATE TABLE `post` (
  `post_id` int(11) NOT NULL,
  `post_name` varchar(255) NOT NULL,
  `post_description` text NOT NULL,
  `post_image` varchar(255) NOT NULL,
  `post_data` date NOT NULL,
  `allow_comment` tinyint(4) NOT NULL DEFAULT '0',
  `users` int(11) NOT NULL,
  `tags` varchar(225) NOT NULL,
  `type` tinyint(4) DEFAULT NULL,
  `cat_id` int(11) DEFAULT NULL,
  `orders` int(11) NOT NULL DEFAULT '0'
) ENGINE=InnoDB DEFAULT CHARSET=utf8;

--
-- Dumping data for table `post`
--

INSERT INTO `post` (`post_id`, `post_name`, `post_description`, `post_image`, `post_data`, `allow_comment`, `users`, `tags`, `type`, `cat_id`, `orders`) VALUES
(75, 'نصيحة لطلبة الــ online  اللى هيدرسوا الــ course', 'سم الله عز وجل\r\nاختار مكان بعيد عن الضوضاء مش العيله كلها حواليك\r\nقلمك والاسكتش معاك وحاول تكتب الحاجة الجديدة\r\nمش مشكلة لو قسمت الفيديو الواحد على مرتين عشان تريح عينك وتركز اكتر بس مش تسيب الفيديو وتمسك فى فيديوهات الفيس واليوتيوب ارحمنى\r\nعندك حاجه فى الفيديو بتسرع الصوت لو حبيت \r\nصورنا لك فى السنتر عشان تحس انك معانا انت مش لوحدك\r\nلو عندك سؤال من حقك طبعا اسأل وانا اجاوبك ممكن تتواصل معايا عن طريق اى حاجه وكله متاح على المنصة بس انا بفضل الواتس خليك فاكر ان هيكون عندك تسميع كلمات وامتحانات \r\nذاكر اولا باول وما تراكمش الفيديوهات اكتب تعليقك بعد كل محاضرة عادى بالايجاب او السلب مبنزعلش فيه ديموقراطية يا جماعه بس اياكم حد يكتب رد مش حلو\r\nسلااااااام\r\nتحياتى \r\nالاستاذ - سامح بهنسى \r\nخبير اللغة الانجليزية\r\nمدرسة المستشار الشهيد هشام بركات\r\nكفرالشيخ', '7518_IMG_20160610_193901.jpg', '2021-07-01', 0, 392, '', 0, 31, 0);

-- --------------------------------------------------------

--
-- Table structure for table `question`
--

CREATE TABLE `question` (
  `id` int(11) NOT NULL,
  `exam_id` int(11) DEFAULT NULL,
  `ques` text NOT NULL,
  `added_date` date NOT NULL,
  `answer_1` text,
  `answer_2` text,
  `answer_3` text,
  `answer_4` text,
  `right_answer` varchar(255) DEFAULT NULL,
  `photo` varchar(225) DEFAULT NULL,
  `answer` varchar(255) DEFAULT NULL,
  `part_id` int(11) DEFAULT NULL
) ENGINE=InnoDB DEFAULT CHARSET=utf8;

--
-- Dumping data for table `question`
--

INSERT INTO `question` (`id`, `exam_id`, `ques`, `added_date`, `answer_1`, `answer_2`, `answer_3`, `answer_4`, `right_answer`, `photo`, `answer`, `part_id`) VALUES
(96, 38, 'يلعب', '2021-07-01', NULL, NULL, NULL, NULL, 'play', NULL, 'play', NULL),
(97, 38, 'سيارة', '2021-07-01', NULL, NULL, NULL, NULL, 'car', NULL, 'car', NULL),
(98, 39, 'يحمل - يلد ', '2021-07-03', NULL, NULL, NULL, NULL, 'bear bore born', NULL, 'bear bore born', NULL),
(99, 39, 'يكسر - ينكسر', '2021-07-03', NULL, NULL, NULL, NULL, 'break broke broken', NULL, 'break broke broken', NULL),
(100, 39, 'يفقس', '2021-07-03', NULL, NULL, NULL, NULL, 'breed bred bred', NULL, 'breed bred bred', NULL),
(101, 39, 'يحنى', '2021-07-03', NULL, NULL, NULL, NULL, 'bend bent bent', NULL, 'bend bent bent', NULL),
(102, 39, 'يبدأ', '2021-07-03', NULL, NULL, NULL, NULL, 'begin began begun', NULL, 'begin began begun', NULL),
(103, 39, 'فطرة', '2021-07-03', NULL, NULL, NULL, NULL, 'instinct', NULL, 'instinct', NULL),
(104, 39, 'ينهض ب', '2021-07-03', NULL, NULL, NULL, NULL, 'upgrade', NULL, 'upgrade', NULL),
(105, 39, 'قضية', '2021-07-03', NULL, NULL, NULL, NULL, 'issue', NULL, 'issue', NULL),
(106, 39, 'خيبة امل', '2021-07-03', NULL, NULL, NULL, NULL, 'disappointment', NULL, 'disappointment', NULL),
(107, 39, 'الوطن الام', '2021-07-03', NULL, NULL, NULL, NULL, 'motherland', NULL, 'motherland', NULL),
(108, 41, 'يجلب', '2021-07-09', NULL, NULL, NULL, NULL, 'bring brought brought', NULL, 'bring brought brought', NULL),
(109, 41, 'ينفجر - يطفح', '2021-07-09', NULL, NULL, NULL, NULL, 'burst burst burst', NULL, 'burst burst burst', NULL),
(110, 41, 'يأتى', '2021-07-09', NULL, NULL, NULL, NULL, 'come came come', NULL, 'come came come', NULL),
(111, 41, 'الافق', '2021-07-09', NULL, NULL, NULL, NULL, 'horizon', NULL, 'horizon', NULL),
(113, 41, 'ثورة', '2021-07-09', NULL, NULL, NULL, NULL, 'revolution', NULL, 'revolution', NULL),
(114, 41, 'انفجار', '2021-07-09', NULL, NULL, NULL, NULL, 'explosion', NULL, 'explosion', NULL),
(115, 41, 'روابط', '2021-07-09', NULL, NULL, NULL, NULL, 'ties', NULL, 'ties', NULL),
(116, 41, 'عدوان', '2021-07-09', NULL, NULL, NULL, NULL, 'aggression', NULL, 'aggression', NULL),
(117, 41, 'رواد', '2021-07-09', NULL, NULL, NULL, NULL, 'pioneers', NULL, 'pioneers', NULL),
(118, 41, 'اجتماعى', '2021-07-09', NULL, NULL, NULL, NULL, 'sociable', NULL, 'sociable', NULL);

-- --------------------------------------------------------

--
-- Table structure for table `user_token`
--

CREATE TABLE `user_token` (
  `id` int(11) NOT NULL,
  `username` varchar(225) CHARACTER SET utf8 NOT NULL,
  `token` varchar(225) CHARACTER SET utf8 NOT NULL,
  `timemodified` timestamp NOT NULL DEFAULT CURRENT_TIMESTAMP
) ENGINE=InnoDB DEFAULT CHARSET=utf8 COLLATE=utf8_unicode_ci;

--
-- Dumping data for table `user_token`
--

INSERT INTO `user_token` (`id`, `username`, `token`, `timemodified`) VALUES
(1, 'رضا مختار', 'AZqBon3ez4', '2021-01-07 07:37:11'),
(2, 'محمد البغدادى', 'gAEbcyQulm', '2021-01-08 21:20:45'),
(3, 'hnvgcbfvcxz', 'rDRUmr3eG3', '2021-01-09 08:09:09'),
(4, 'Mohamed Sobhy', 'uudQWVY9er', '2021-01-09 18:08:39'),
(5, 'Ahmed Gamel Waly ', '39CM4jOrWV', '2021-01-09 18:09:53'),
(6, 'Rawan Rafat ', 'BTW3rJzOBU', '2021-01-09 18:11:15'),
(7, 'zeyadalsawi ', 'TvcXYI1Q2a', '2021-01-09 18:11:28'),
(8, 'شيماء عبدالرازق حجازي ', 'Yx7L1EgBMd', '2021-01-09 18:14:14'),
(9, 'Medo Nassar', 'RXhlJH77yl', '2021-01-09 18:15:36'),
(10, 'روان رأفت محمود ', 'nf82HmsXO2', '2021-01-09 18:16:55'),
(11, 'كريمة عيد السعيد ', 'UjJUAzbqw6', '2021-01-09 18:18:04'),
(12, 'احمد خالد زكريا', 'rE0kiA9pq3', '2021-01-09 18:18:11'),
(13, 'شروق احمد', 'IGJaSZdhnB', '2021-01-09 18:18:17'),
(14, 'يمنى اشرف الجندي', '5xVbuokcFC', '2021-01-09 18:18:49'),
(15, 'أحمد أسامة حمدي', '8c9Y1bhPTC', '2021-01-09 18:27:59'),
(16, 'منة الله فرحات محمد ', 'gHS6Ngoxs0', '2021-01-09 18:28:19'),
(17, 'عبدالرحمن وليد ', 'Rs4AkmBixC', '2021-01-09 18:31:16'),
(18, 'Mohamed EL-sopkey', 'luckdeNRwk', '2021-01-09 18:34:43'),
(19, 'أحمد عبد الرحيم حامد', 'o050oG6Nsw', '2021-01-09 18:39:49'),
(20, 'صلاح فتوح الشاذلى ', 'ZpyoCoOre5', '2021-01-09 18:40:09'),
(21, 'اماني عبدالفتاح إبراهيم عبدالعزيز', 'QlsufTuJmf', '2021-01-09 18:41:35'),
(22, 'محمد فكري عبدالستار', '0f4FCLoukL', '2021-01-09 18:45:05'),
(23, 'علاء بدران', 'M4qjEBQjD2', '2021-01-09 18:48:19'),
(24, 'نورهان عرفه عبد الفتاح ', 'QgllyYot6l', '2021-01-09 18:50:50'),
(25, 'Amar', 'v8tH63ydqA', '2021-01-09 18:55:48'),
(26, 'عبدالرحمن عبدالمنعم شوقي ', 'ReilHWyzg4', '2021-01-09 19:05:39'),
(27, 'محمد عيد شعبان محمد ', 'bYJNptV4lo', '2021-01-09 19:06:15'),
(28, 'Ziad Mohammed Nasr', '8vdtI1mIKR', '2021-01-09 19:08:07'),
(29, 'احمد ابراهيم رحيم', 'oLpwiWiLsb', '2021-01-09 19:14:00'),
(30, 'Aya mohammed ', '9j58fENqim', '2021-01-09 19:15:12'),
(31, 'ايمان ابراهيم عبدالحميد', 'M9naEFS5GV', '2021-01-09 19:19:56'),
(32, 'رحمه حمدي ', 'mRCxUck9LH', '2021-01-09 19:27:06'),
(33, 'سارة عبدالكريم', 'PtoRbRzNFt', '2021-01-09 19:36:01'),
(34, 'شيماء سعيد الشحات', 'vvF40JeQDx', '2021-01-09 19:42:19'),
(35, 'مؤ من محسن ابراهيم عبداللطيف', '27zoV9lWxz', '2021-01-09 19:49:10'),
(36, 'basmaelbedawy434', 'frllvoUkY9', '2021-01-09 20:03:43'),
(37, 'عادل سعد المغني ', '3AwwFgUZNG', '2021-01-09 20:19:36'),
(38, 'abdelrahman', 'DPJluEZiK3', '2021-01-09 20:44:51'),
(39, 'Mohamed Nader', 'Lxjk8KOFom', '2021-01-09 21:08:15'),
(40, 'احمد سلام ابراهيم', 'o8IEZUntLy', '2021-01-09 21:16:33'),
(41, 'حبيبه احمد سعيد', 'snUNdBanKx', '2021-01-09 21:25:17'),
(42, 'فاديه عاطف الجندي ', 'XhsvxQF5Sn', '2021-01-09 22:21:37'),
(43, 'MohabWael', '09E3SqV7EJ', '2021-01-09 22:55:48'),
(44, 'Ahmed abdllah', 'nIy656yl2j', '2021-01-10 00:13:32'),
(45, 'سهيلة زايد ', 'VpuTdMOwVs', '2021-01-10 04:25:52'),
(46, 'عبدالله', 'fb7fnS7lyg', '2021-01-10 05:27:49'),
(47, 'عبدالرحمن وليد صابر ', '3KfUsezeWy', '2021-01-10 06:42:17'),
(48, 'حنين احمد سعيد', 'EnpjGjYaEz', '2021-01-10 06:44:49'),
(49, 'basmala', 'mY0FinUTQU', '2021-01-10 06:49:29'),
(50, ' basmala', 'FzJugSolLj', '2021-01-10 06:58:53'),
(51, 'حسناء عرفه احمد ', 'W7kFBiBRmc', '2021-01-10 07:20:56'),
(52, 'Basmals', 'qNSEuWuK9a', '2021-01-10 07:41:05'),
(53, ' محمد السعداوي ', 'PQEA0h7Vln', '2021-01-10 08:56:35'),
(54, 'ندى رمزى سمير', '1omCau19Kn', '2021-01-10 09:01:53'),
(55, 'روان حموده كامل يونس ', 'ivNPAow8E1', '2021-01-10 09:11:48'),
(56, 'osamagamal', 'G3a8w3Rbs1', '2021-01-10 10:01:01'),
(57, 'Omnia Mohamed kotb', '0sY0VWnPjL', '2021-01-10 10:40:24'),
(58, 'شيماء السعيد عبدالحي', 'kGCfA5EejK', '2021-01-10 11:55:32'),
(59, 'رافت إبراهيم ', '6HNYFKSmic', '2021-01-10 12:20:02'),
(60, 'عبدالرحمن حسن محمد حسن ', '5EIRXlax2F', '2021-01-10 13:31:31'),
(61, 'Hager gama ', 'HywGpF7WHm', '2021-01-10 13:36:49'),
(62, 'Ahmed-Ali', 'k0DaYmBdjX', '2021-01-10 16:26:02'),
(63, 'Salma Moumen ', 'saKjr9Sme9', '2021-01-10 18:21:58'),
(64, 'نورا عاطف الشهاوي', 'qGi27aeNqO', '2021-01-10 19:08:16'),
(65, 'AyaMohamed', 'FL9ti1p7TC', '2021-01-10 19:13:59'),
(66, 'خالد محمد عبدالستار ', 'iFgNbDuMwI', '2021-01-10 19:18:57'),
(67, 'مي صابر عبدالسلام', '3rxTNgY9hB', '2021-01-10 19:34:46'),
(68, 'toqa Hesham darwesh mohamed', 'HCtHr1oKdK', '2021-01-11 13:34:24'),
(69, 'Ahmed Ramy', '2eQg6sHhqc', '2021-01-11 16:45:58'),
(70, 'yousef rami', 'S3SbB3GyaC', '2021-01-11 16:48:52'),
(71, 'Nada1223', 'QE8hPpjTno', '2021-01-11 16:51:43'),
(72, 'شهد رضا محمود ', '2F0wRZGxHR', '2021-01-11 17:22:49'),
(73, 'فوزى محمد فوزى', 'SigAFeOPRz', '2021-01-11 19:02:21'),
(74, ' محمد رضا جمعه ', '62Zg8onRkf', '2021-01-11 19:02:58'),
(75, 'ياسمين محمد ', 'is3L8e29lr', '2021-01-11 19:05:36'),
(76, 'اسماء رمزى', 'eyhUIJVGdt', '2021-01-11 19:05:54'),
(77, 'Bassam Mahdy', 'sIAEP44RCB', '2021-01-11 19:09:15'),
(78, 'سهيلة بدوي فوزي القبلاوي ', 'KQJoCZmeNF', '2021-01-11 19:13:20'),
(79, 'دينا فايز احمد', 'gYbZgBwtyc', '2021-01-11 19:59:46'),
(80, 'إهداء هلال محمد عباس ', 'QwJg3kdnQV', '2021-01-11 20:51:03'),
(81, 'Basmals', 'ZzGsDh2J44', '2021-01-12 02:29:45'),
(82, 'Basmala', 'mY0FinUTQU', '2021-01-12 06:00:32'),
(83, 'أسماء محمود السيد ', 'ktPjn1u2Vf', '2021-01-12 11:08:01'),
(84, 'BEBOO ', 'F0WgyGyaW0', '2021-01-12 17:22:43'),
(85, 'امانى بهجت عبدالقوى زامل ', 'sI1qG504su', '2021-01-13 10:56:12'),
(86, 'ياسمين محمد محمود بسيوني', '1g4jKkvZVY', '2021-01-13 11:19:43'),
(87, 'وصال ابراهيم', 'V0NQLQxN8F', '2021-01-13 14:37:26'),
(88, 'ايه مسعد فتحي مسعد ', '99icDDFS1x', '2021-01-13 17:48:15'),
(89, 'نورهان محمود رجب ', 'mA7chOo3wJ', '2021-01-13 18:43:30'),
(90, 'سماسم محمد حماد', 'O2Oajy4qjY', '2021-01-13 20:16:29'),
(91, 'روان احمد حماد', '6ZBGmVmOT2', '2021-01-14 12:52:23'),
(92, 'اسراء حسام عبدالفتاح الشريف', 'qQbBxTv0Et', '2021-01-14 17:41:04'),
(93, 'أحمد خميس الجنايني ', 'Yi7hhlUHKs', '2021-01-14 18:20:38'),
(94, 'Abdallah Roshdy', 'e0Mjt7StUs', '2021-01-14 20:29:24'),
(95, 'أسماء حسنى عبد الغفور بنات ', 'WvxHEbRf8Z', '2021-01-14 23:09:14'),
(96, 'اماني عبدالفتاح ابراهيم', 'Nt8rspoKzD', '2021-01-15 14:06:57'),
(97, 'اماني عبدالفتاح ابراهيم', 'Nt8rspoKzD', '2021-01-15 15:28:23'),
(98, 'احمد السيد فتحي', '9bI2NPb4Sd', '2021-01-15 16:33:26'),
(99, 'يوسف السيد يوسف محمد', 'Vy66bSA2TD', '2021-01-16 09:36:24'),
(100, 'Mohamed ameen allam', 'lvP7IblzPc', '2021-01-16 11:31:23'),
(101, 'سهيلة بدوي فوزي القبلاوي ', 'KQJoCZmeNF', '2021-01-16 16:11:04'),
(102, 'Aya Mohamed', 'N91djJKVd8', '2021-01-16 19:20:25'),
(103, 'moaaz fowzy', 'onqlL35C89', '2021-01-16 19:35:18'),
(104, 'مي صابر عبدالسلام احمد ', '200mSyC86I', '2021-01-17 18:07:46'),
(105, 'ريهام احمد سمير محمد', 'mVIJJkgfko', '2021-01-18 17:12:59'),
(106, 'محمد رضا جمعه ', '0lNplWEIIm', '2021-01-18 18:33:23'),
(107, 'شهد الحايس ', 'ZDpR2j1a4r', '2021-01-18 20:28:46'),
(108, 'عبدالله محمد مرشدي', 'igfarQU82i', '2021-01-19 21:17:11'),
(109, 'زياد يحيي زكريا عبد الحليم', 'CqCXbhTRD9', '2021-01-19 21:42:13'),
(110, 'Amira', 'zxoairSpXe', '2021-01-20 13:25:23'),
(111, 'روان اشرف رمضان قاسم', 'FCaowZSlhu', '2021-01-20 21:24:09'),
(112, 'يارا سليمان محمود محمد', 'irDzz4LU0R', '2021-01-22 12:24:25'),
(113, 'دينا اسامه عبدالله فرج ', 'UETpuxOYPB', '2021-01-22 17:37:00'),
(114, 'ريهام احمد سمير المغني', 'BD7ulJ06XC', '2021-01-22 18:41:40'),
(115, 'Ziad Mohammed Nasr 1A', 'sj8n8XQfBH', '2021-01-22 20:45:29'),
(116, 'حبيبه احمد سعيد', 'ao4EJdtZUq', '2021-01-23 17:56:44'),
(117, 'أحمد السيد فتحى ', 'ObHW0oV5S5', '2021-01-23 19:02:54'),
(118, 'احمد علي', 'Psvt5GpSZJ', '2021-01-24 18:51:40'),
(119, 'فوزي محمد فوزى', '7kDohqK2mo', '2021-01-24 19:08:18'),
(120, 'محمد محمود محمد عبد الغفار', '5WSFuHSgXk', '2021-01-24 19:18:07'),
(121, 'احمد السيد ', 'oWTT2YhhWA', '2021-01-24 20:20:04'),
(122, 'أحمد علي', 'ts1QiHseE3', '2021-01-25 05:18:40'),
(123, 'احمد خالد زكريا عبد الحليم', 'bK4iqQa3aq', '2021-01-25 17:56:07'),
(124, 'عمر البغدادي', 'TWEYGQ3lJD', '2021-01-25 21:28:59'),
(125, 'احمد رشاد ', 'cWIYZQSNY2', '2021-01-26 14:18:34'),
(126, 'ابو عمر', 'Vrwd4gvqCX', '2021-01-26 17:29:57'),
(127, 'فرح الحسيني ', 'aNds6UeR7U', '2021-01-27 07:27:01'),
(128, 'ساره عبدالرازق حجازي ', '5R3T2okSZi', '2021-01-28 12:06:26'),
(129, 'فاطمة أمين محمد ', 'Z9AvRtzKl5', '2021-01-28 15:44:23'),
(130, 'محمد هاني محمد ', 'TiCyQE3gdV', '2021-01-29 19:10:05'),
(131, 'مريم احمد الكومى احمد', 'FzQXJHjyTc', '2021-01-30 09:55:07'),
(132, 'ياسمين محمد عبدالله ', 'f5eo3KhTbG', '2021-01-30 20:18:57'),
(133, '  حبيبه رضا', '84bUHwTArc', '2021-01-31 20:27:50'),
(134, 'Medo Anwer', 'NL1ISi5HNI', '2021-02-02 08:47:45'),
(135, ' رؤى خالد عادل ', 'HLC2YPM4CV', '2021-02-04 08:14:05'),
(136, '  احمد براهيم رحيم', 'Vy89REpRp5', '2021-02-04 18:55:22'),
(137, 'محمد انور', '2IwbE9QkQE', '2021-02-04 21:12:56'),
(138, 'اسماء احمد عبدالمنعم', 'fTVjIIumPO', '2021-02-05 16:14:17'),
(139, 'مي عطا علي ', 'kgkrTiYuzc', '2021-02-06 18:59:40'),
(140, 'اسماء احمد', '3jkmK4V0BT', '2021-02-06 19:39:52'),
(141, 'امنيه يحيى السيد ', 'Do5h0hBX48', '2021-02-13 14:51:00'),
(142, 'زياد يحيي زكريا', 'NcWgrWffoO', '2021-02-19 17:58:43'),
(143, 'شيماء سعيد الشحات محمد', 'iayWJZpek4', '2021-02-20 20:24:22'),
(144, 'فوزي محمد فوزى فؤاد', 'BkxSlx62UU', '2021-02-20 22:16:20'),
(145, 'Roaa Mahmoud', 'XISpZkeLJ3', '2021-02-21 06:47:40'),
(146, 'Aya mohamed ', 'N91djJKVd8', '2021-02-23 20:16:01'),
(147, 'Omnia Saad', 'dkaJiVS5Eg', '2021-02-28 16:25:32'),
(148, 'حبيبه رضا جاد الله', 'UNiL6S2PRL', '2021-03-02 19:30:00'),
(149, 'احمد الطارونszdfdsf', '83bKPabQ4N', '2021-03-23 14:53:50'),
(150, 'احمد الطارونszdfdsfszfdf', 'fylV0cJg2v', '2021-03-23 14:55:19'),
(151, 'احمد محمد', 'ALcMKcjpcs', '2021-03-27 14:41:10'),
(152, 'احمد الطارونdxvdzsd', 'PZ1shtPQYf', '2021-04-04 15:40:34'),
(153, 'احمد الطارونgfgf', 'bqnQ1V1Mmn', '2021-06-14 13:26:13'),
(155, 'هبه عصام', 'kvGzU8KVZo', '2021-06-14 19:17:31'),
(156, 'احمد الطاروناللا', 'y544rTjop2', '2021-06-16 18:00:41'),
(157, 'احمد الطارونddfd', 'Kwxb8MeB4J', '2021-06-17 07:52:07'),
(158, 'احمد الطارونjgygjh', 'jEhxtBvaeH', '2021-06-17 07:58:30'),
(159, 'احمد الطارونfdfd', 'G5wsYqkCIX', '2021-06-17 08:15:59'),
(160, 'احمد الطارونddddddddd', 'D23OBWHTzX', '2021-06-21 13:19:49'),
(161, 'ahmed', 'pziAwdMmta', '2021-06-21 16:18:41'),
(162, 'redavip', 'HASTLPkiYi', '2021-06-22 18:32:41'),
(163, 'Entesar hanfy', 'YFGt41cOOo', '2021-06-24 01:06:15'),
(164, 'احمد الطارونddd', 'hNzLBF9a7J', '2021-06-28 06:22:05'),
(165, 'صفية هاني مصطفى', 'RmbHjaGNvu', '2021-06-28 23:36:52'),
(166, 'هدى مصطفى  الشربينى', 'OE4PxWVAGm', '2021-06-29 20:05:22'),
(167, 'اسراء ابراهيم نجيب', 'hGdIkfLhKq', '2021-06-29 20:34:18'),
(168, 'افنان صبرى مصطفى صقر', '6lngwrervg', '2021-06-29 20:37:01'),
(169, 'aliaa ali', 'e8HFmPUhru', '2021-06-29 21:37:31'),
(170, 'الاء محمد عكاشه', '1VdDfGaplY', '2021-06-29 21:54:33'),
(171, 'محمد خالد عبد الفتاح ', 'ns3gfumhm6', '2021-06-29 22:21:28'),
(172, 'Fatma ', 'YLBl9cjUgr', '2021-06-29 22:31:29'),
(173, 'يمنى السيد محمد علي يوسف ', 'PLvNv3KC8o', '2021-06-29 23:02:17'),
(174, 'شيماء السيد محمد محمود', 'ENpXpjpRAm', '2021-06-30 08:10:31'),
(175, 'هيثم امجد عبد الحميد الحايس', 'UYxnIu0drQ', '2021-06-30 12:22:15'),
(176, 'اسرا ابرايهيم نجيب', 'KpmLKThRCo', '2021-06-30 17:44:47'),
(177, 'رانيا سليمان ', '5bKKifd0GR', '2021-07-01 06:41:26'),
(178, 'احمد الطاروبليبلؤببلن', '7RkQ7I7wnr', '2021-07-01 16:20:29'),
(179, 'عبدالله ', 'fb7fnS7lyg', '2021-07-01 16:35:54'),
(180, 'احمد الطارونfsd', 'SMeoZcKQTW', '2021-07-01 16:48:26'),
(181, 'عبدالله1', 'Ud1dG1tNAQ', '2021-07-01 16:57:01'),
(182, 'Hdhshhdh', 'SGB9dKV0dp', '2021-07-01 17:10:58'),
(183, 'Hdhsbdb', 'OHnn34ZDpA', '2021-07-01 17:13:35'),
(184, 'Gdhehdhdhd', 'MK9V4ABXJd', '2021-07-01 17:15:25'),
(185, 'احمد الطارونfsdsf', 'DAgkhW9bBA', '2021-07-01 17:16:07'),
(186, 'احمد الطارونgfgfg', 'RqoO4BOJNy', '2021-07-01 17:18:13'),
(187, '363y3u37', 'DG0svESle0', '2021-07-01 17:18:48'),
(188, 'احمد الطارونfrgr', 'JDPtHzcP3q', '2021-07-01 17:19:43'),
(189, 'عبدالله2', 'pGA5ya5TRn', '2021-07-01 17:31:50'),
(190, 'redamohamed', 'iIKFAYLXQN', '2021-07-01 17:51:15'),
(191, 'sameh', 'y9TyAouHXI', '2021-07-01 17:58:46'),
(192, 'افنان صبرى صقر', 'nN6zysPnb1', '2021-07-01 18:27:02'),
(193, 'Haytham Amgad Elhayes', 'vFOLXpyYno', '2021-07-01 20:08:05'),
(194, 'Safia hany mostafa', 'TEr0oINyfE', '2021-07-01 20:13:53'),
(195, 'عبدالله بهنسي ', 'TLIOVXLqcJ', '2021-07-01 20:17:50'),
(196, 'سامح بهنسى', 'PhPWgRg1fz', '2021-07-01 20:58:06'),
(197, 'هدى مصطفى  الشربينى', 'FdNRPnIULp', '2021-07-01 21:01:03'),
(198, 'aliaa ali', 'e8HFmPUhru', '2021-07-01 21:12:42'),
(199, 'اسراء ابرايهيم نجيب', 'GnjYaZT7M6', '2021-07-01 21:19:01'),
(200, 'اسراء ابراهيم نحيب', 'Remi1yQYps', '2021-07-01 21:33:18'),
(201, 'اسراء ابراهيم نجيب', 'hGdIkfLhKq', '2021-07-01 21:52:19'),
(202, 'رحمه عبدالمنعم الحجري', 'nrD8lmHvQZ', '2021-07-01 22:39:33'),
(203, 'احمد الطارونبيبيب', 'aQLulf1jxR', '2021-07-02 09:06:29'),
(204, 'Mohamed Medhat Alghazaly', 'uBQCketxtd', '2021-07-02 10:00:11'),
(205, 'Ahmed', 'UMZBjTnuDe', '2021-07-02 10:57:08'),
(206, 'Ahmed Ismail', 'VnVoCibi42', '2021-07-02 10:59:23'),
(207, 'حذيفة أشرف', '3lUkZol3KM', '2021-07-02 11:06:49'),
(208, 'روان عصام حسن دعلة', 'ytRRKdceRj', '2021-07-02 11:20:24'),
(209, 'محمد خالد عبد الفتاح ', 'eBuqVS1Gtm', '2021-07-02 11:27:17'),
(210, 'Ismail', 'FOVLh3gkZk', '2021-07-02 11:30:38'),
(211, 'افنان صبرى مصطفى صقر', '6lngwrervg', '2021-07-02 12:06:19'),
(212, 'حذيفة أشرف', '6di5VHmZMz', '2021-07-02 12:11:45'),
(213, 'سامح بهنسى', 'PhPWgRg1fz', '2021-07-02 12:17:17'),
(214, 'Sama sameh', '2ZU2b409xQ', '2021-07-02 12:25:28'),
(215, 'حذيفة أشرف عبدالله', 'fYZxBPjlSj', '2021-07-02 12:33:03'),
(216, 'هدى مصطفى الشربينى', 'kSx2cgnJkh', '2021-07-02 12:40:27'),
(217, 'Habiba beshta', 'k9586acrD3', '2021-07-02 17:02:48'),
(218, 'سامح بهنسي', 'YpTyZWw7hK', '2021-07-02 18:37:11'),
(219, 'آلاء عرفه سعد', 'xcOP3bzPXZ', '2021-07-02 19:37:02'),
(220, 'حبيبة عصام', 'HUu5wtlaYn', '2021-07-03 09:58:27'),
(221, 'Arwa Rehan', 'q5A9DLOxkU', '2021-07-03 14:02:11'),
(222, 'يمني ياسر الصردي', '7OnFwV6reO', '2021-07-03 19:37:51'),
(223, 'يمني ياسر', 'yD1W2Df65F', '2021-07-03 20:30:29'),
(224, 'كاترينا ملاك ', 'CaL6klqxxL', '2021-07-03 20:33:13'),
(225, 'صفية هانى ', 'iejHQHpye6', '2021-07-03 21:28:50'),
(226, 'رانيا سليمان ', 'opNXKdgk6n', '2021-07-03 21:35:19'),
(227, 'رانيا سليمان عيد', 'm7dtjVOjRq', '2021-07-03 21:42:08'),
(228, 'Mahmoud Elgebaly ', 'IH8YFwAqhH', '2021-07-03 21:59:37'),
(229, 'هدى مصطفى الشربينى', 'kSx2cgnJkh', '2021-07-03 22:05:55'),
(230, 'سامح بهنسى', 'PhPWgRg1fz', '2021-07-03 22:19:10'),
(231, 'سامح بهنسى', 'PhPWgRg1fz', '2021-07-03 22:23:51'),
(232, 'Sara', 'lIeGhn6A5z', '2021-07-04 13:09:01'),
(233, 'Mohamed Aly ', 'KamrySRjKV', '2021-07-04 14:34:31'),
(234, 'محمود سعد إبراهيم غازي', 'MQsKs7BJLC', '2021-07-04 14:56:58'),
(235, 'اسامة ايمن الفخراني', 'mGwjEQHqDW', '2021-07-05 08:17:15'),
(236, 'Esraa ibrahem', 'KRc3pDpQA5', '2021-07-05 10:00:45'),
(237, 'احمد الطارونfddf', 'Fh4qd1lOrE', '2021-07-05 13:57:38'),
(238, 'احمد الطارونggg', 'FRo8G1j1x4', '2021-07-05 14:18:59'),
(239, 'Gshshshs', 'JgRSWHzxyq', '2021-07-05 14:19:53'),
(240, 'Hxhhehr', 'sob9lOo0Kg', '2021-07-05 14:24:45'),
(241, 'احمد الطارونhggh', 'eLmXqBDV16', '2021-07-05 14:25:49'),
(242, 'احمد الطارونewew', 'ViLDdjhp6Y', '2021-07-05 14:27:16'),
(243, 'هبه محمد ', '7ColouYk7h', '2021-07-05 14:27:20'),
(244, 'احمد الطارونgfxgffsdfsdfsdfssaf', 'gzU2o5dIpW', '2021-07-05 14:28:36'),
(245, 'منار محمد ', 'dpIszt0QiH', '2021-07-05 14:28:39'),
(246, 'بوجي', 'Y0mWPTX6ZQ', '2021-07-05 14:31:39'),
(247, 'احمد الطارونsrrgvffgxxgffxgfx', '99vw8yOgTl', '2021-07-05 14:31:52'),
(248, 'منى محمد ', 'JSXkX5lPOS', '2021-07-05 14:31:59'),
(249, 'سامح بهنسى', 'PhPWgRg1fz', '2021-07-05 14:43:21'),
(250, 'هيثم امجد الحايس', 'rRx9eRKkVz', '2021-07-05 15:01:23'),
(251, 'اسراء ابراهيم نجيب', 'hGdIkfLhKq', '2021-07-05 15:14:59'),
(252, 'ملك حامد رضوان', 'WOiBRfGExQ', '2021-07-05 15:20:02'),
(253, 'goma', 'fNjDZ0zZUJ', '2021-07-05 18:18:43'),
(254, 'احمد الطارونfffdd', 'aYFDp4LpJR', '2021-07-05 18:22:46'),
(255, 'احمد الطارونsdsd', 'hoRzk2BL5Q', '2021-07-05 18:55:17'),
(256, 'احمد الطارونبللبل', 'k7Z4H9vfRS', '2021-07-05 18:56:19'),
(257, 'احمد الطارونgfdfg', 'UNmb8lwUBH', '2021-07-05 19:00:03'),
(258, 'احمد الطارونباباي', '71zB0k7mYf', '2021-07-05 19:00:35'),
(259, 'احمد الطارونfsfsd', 'Ab4GiKaq9h', '2021-07-05 19:02:42'),
(260, 'احمد الطارونgtzdrgdrf', 'IUN257zJKr', '2021-07-05 19:11:11'),
(261, 'احمد الطارونgrvsfdgv', 'KO2CZpO2cF', '2021-07-05 19:12:45'),
(262, 'احمد الطارونfgfg', 'jhAKcXpGSj', '2021-07-05 19:17:44'),
(263, 'احمد الطارونffddf', 'GiFgUw6Lyl', '2021-07-05 19:19:41'),
(264, 'احمد الطارونfgdvgfx', 'mUylhqjyUk', '2021-07-05 19:25:10'),
(265, 'محمد علي السيد علي ', 'IxhzpSfkOF', '2021-07-05 19:44:42'),
(266, 'Salma sharaf', 'QCzItvm8bM', '2021-07-05 20:54:50'),
(267, 'احمد ', 'WZjI4FtzMM', '2021-07-05 21:00:10'),
(268, 'حبيبه ابراهيم زرارة', '9hFtSzNFCW', '2021-07-05 21:16:27'),
(269, 'هدى مصطفى الشربينى', 'kSx2cgnJkh', '2021-07-05 21:23:46'),
(270, 'محمد علي السيد ', 'OmevXDE39u', '2021-07-05 21:29:31'),
(271, 'اسامه ايمن الفخراني', 'z2xDzu1sft', '2021-07-06 07:32:51'),
(272, 'الاء محمد عكاشه', '1VdDfGaplY', '2021-07-06 11:19:37'),
(273, 'عمرعبدالواحدالوكيل', 'XTZFDG5m6x', '2021-07-06 20:17:59'),
(274, 'عبدالله محمد احمد شرف', 'DvjWZMYG6Z', '2021-07-06 21:45:00'),
(275, 'احمد رمضان نصار', 'S8l5IaPUIf', '2021-07-06 21:45:24'),
(276, 'شهد وحيد حسين ', 'r4hkmofoD9', '2021-07-07 20:58:38'),
(277, 'يوسف شريف احمد', 'HiExnP5fMo', '2021-07-08 16:39:13'),
(278, 'Omima kandil', 'caGttcc734', '2021-07-08 21:03:45'),
(279, 'فاطمه صلاح الدين عبد القوي', 'J951S5POaW', '2021-07-08 23:12:01'),
(280, 'نورهان سامح حسين ', 'YUPRkYGxMm', '2021-07-08 23:30:59'),
(281, 'Mohammed Walid ', '2XBOECDats', '2021-07-09 08:14:51'),
(282, 'هبة صابر عباس ', 'AfIgfzEVVf', '2021-07-09 14:55:22'),
(283, 'Amir EL Desouky', '2IpaLvBjLV', '2021-07-09 20:23:26'),
(284, 'abdoeletrby', '8mlcK0WmoG', '2021-07-11 18:16:11'),
(285, 'عبدالله هشام رضوان ', 'ZCSfrbJVqv', '2021-07-11 21:21:22'),
(286, 'روان السعيد بهنسي ', 'rvrqqOl24X', '2021-07-12 22:08:37'),
(287, 'احمد خضر', 'pNXn4w6xNZ', '2021-07-14 08:36:20'),
(288, 'معاذ احمد فتحى ', 'wfHzk4wUzq', '2021-07-14 11:34:30'),
(289, 'samyhaayman', 'a04dc4Rma3', '2021-07-14 20:07:32'),
(290, 'شهد ايمن مصطفي رجب ', 'jj0qVpD2o7', '2021-07-14 21:32:05'),
(291, 'روان ايمن سيداحمد شرف الدين', 'kfHleF2FG8', '2021-07-15 12:48:07'),
(292, 'محمد عبده الخطيب ', 'e48VuyRNmP', '2021-07-16 13:17:11'),
(293, 'Habiba beshta', 'k9586acrD3', '2021-07-16 22:02:28'),
(294, 'Zaynab Mohamed', 'w0m9HhFRua', '2021-07-16 22:24:38'),
(295, 'ايه عبد العزيز عبد الخالق ', 'YNyrskR0P5', '2021-07-17 02:21:52'),
(296, 'Rania osama', 'aatlX3xV6Y', '2021-07-18 19:38:56'),
(297, 'احمد محمد خضر', 'ZvuGeW8IgS', '2021-07-18 22:32:35'),
(298, 'Habeba Amr ', 'NTCrjEKdfC', '2021-07-19 14:41:56'),
(299, 'اسراء اسماعيل عبدالهادى ', 'DDP4NANI70', '2021-07-19 15:53:16'),
(300, 'محمود عطا محي الدين', 'tVIe0wzvv8', '2021-07-19 21:44:34'),
(301, 'Shahd elharoon', 'ym68or0b5G', '2021-07-22 22:58:17'),
(302, 'Shahd hazem', 's8ovVUftaa', '2021-07-23 19:05:49'),
(303, 'شهد وحيد حسين ', 'iTYZ008NuH', '2021-07-24 18:16:18'),
(304, 'osamagamal', 'G3a8w3Rbs1', '2021-07-24 18:58:02'),
(305, 'مروة وليد محمد عمر ', 'DuEqhBh5xK', '2021-07-25 04:45:32'),
(306, 'رودينه محمود عبد الفتاح عبد العزيز', 'dBTFDvfjTh', '2021-07-25 05:38:15'),
(307, 'Fouad Reda', 'Ah62k80Cqy', '2021-07-25 06:20:20'),
(308, 'فارس حسن', 'QEffBtXhUo', '2021-07-25 11:33:09'),
(309, 'Mariam Mohamed Mohsen ', 'ynTU1NifiR', '2021-07-25 13:16:46'),
(310, 'Mohamed abo elkhier', 'xxWZ5X5yif', '2021-07-25 14:00:08'),
(311, 'امنيه الدسوقي عبدالفتاح الدسوقي ', 'Wjt4oXFEbS', '2021-07-25 15:00:13'),
(312, '01550635976', 'tolEVUztJZ', '2021-07-25 17:36:21'),
(313, 'ندي سالم شريف', '1uFlEx3NLi', '2021-07-25 18:57:08'),
(314, 'Samir elmasry', 'ufMT7RToNu', '2021-07-25 19:24:32'),
(315, 'سهيله احمد صبحي', 'F2VuUdn0zv', '2021-07-25 19:38:23'),
(316, 'محمد عصام سعغان', 'IJvGgJ5mUU', '2021-07-25 19:41:05'),
(317, 'Abdelrahman ', 'fCqXXkpyZQ', '2021-07-25 19:42:57'),
(318, 'Noureen hossam', 'blT7oXArF5', '2021-07-25 19:44:55'),
(319, 'ساره خليل السطوحي', 'SHMv3ywPMC', '2021-07-25 19:47:14'),
(320, 'احمد عبدالرسول عبدالحميد عبدالخالق ', 'YUPuVWrWyX', '2021-07-25 19:52:17'),
(321, 'هبه شعبان احمد ابو حطب ', 'fmSSTX3oqO', '2021-07-25 19:55:25'),
(322, 'Hadeer Shalaby ', 'Mk0gim8gOn', '2021-07-25 20:05:02'),
(323, 'amar wafy', 'meATZoHdW5', '2021-07-25 20:20:55'),
(324, 'محمد رمضان ضبيش', 'jSE6uFCnz4', '2021-07-25 20:21:56'),
(325, 'غاده محمد رمضان', 'LhfDu0bqZO', '2021-07-25 20:45:17'),
(326, 'nourhanredaelkholy', 'dresikPHZL', '2021-07-25 20:54:33'),
(327, '01060357838', 'apIRgWpR47', '2021-07-25 20:57:56'),
(328, 'yasminabdelnaser', 'bXv0xVTULv', '2021-07-25 21:03:07'),
(329, 'yasmeen mousa', 'KA9UoIsv5M', '2021-07-25 22:23:50'),
(330, 'طارق حماده عبدالواحد ', 'xxa0zMvPHm', '2021-07-25 22:24:05'),
(331, 'نجاة رافت يوسف عطيان ', '4fc9M0XV9n', '2021-07-25 22:53:54'),
(332, 'Rahma ewad', 'vc9aBwzOkE', '2021-07-26 14:34:42'),
(333, 'Abdo Reafat', '1HyjoU2KoS', '2021-07-26 19:47:05'),
(334, 'Ahmed Ismail', 'VnVoCibi42', '2021-07-26 20:21:46'),
(335, 'ABDELAZIZ EBRAHIM ATIA', 'dC4x1FmBDX', '2021-07-26 20:59:53'),
(336, 'هبه ابراهيم شكري', 'k19EA7Cc4o', '2021-07-26 21:30:39'),
(337, 'Mohamed', 'G3TS8sy4vk', '2021-07-26 21:39:22'),
(338, 'Nahlareda', '6reOWUl7Eu', '2021-07-26 22:27:20'),
(339, 'محمد خالد عبد الفتاح ', 'FFBfidWdT5', '2021-07-26 22:33:41'),
(340, 'Menna Rezk', 'P8ozXDlqzA', '2021-07-27 02:04:13'),
(341, 'السيدة عبد الفتاح ', 'n2IhHQ25xz', '2021-07-27 06:59:27'),
(342, 'Rawan Ebrahim ', 'UrskjSfiXR', '2021-07-27 07:41:49'),
(343, 'هاجر جمال رجب ', 'scDSjaLF5f', '2021-07-27 10:56:27'),
(344, 'حبيبه إبراهيم زرارة', 'bp5xcta4Cg', '2021-07-27 11:41:02'),
(345, 'حنين ايهاب محمد', 'PBjCXD9xd5', '2021-07-27 15:36:52'),
(346, 'Rahma Sameh Saad', 'qc55xo8JB3', '2021-07-27 16:50:17'),
(347, 'saad hosny shalaby ', 'JcpPDSwq0P', '2021-07-27 18:50:25'),
(348, 'زينب محمد الشحات', 'XJDroSAUkp', '2021-07-27 20:45:54'),
(349, 'مروان', 'eGF3dddeRP', '2021-07-27 20:59:44'),
(350, 'Asala', 'AzwlPbENrJ', '2021-07-28 20:04:38'),
(351, 'عزه حاتم نصار', 'fsEpMiH5wl', '2021-07-28 20:51:48'),
(352, 'روان زكريا صالح', 'g5eLmWKgTq', '2021-07-28 21:02:27'),
(353, 'ايه عبد العزيز عبد الخالق ', 'YNyrskR0P5', '2021-07-29 07:48:19'),
(354, 'rehamelitrby', 'fjdMK2gE2F', '2021-07-29 16:36:05'),
(355, 'زياد احمد وافي ', '0xdYYRBAFo', '2021-07-29 20:37:37'),
(356, 'Habeba Amr ', 'NTCrjEKdfC', '2021-07-30 13:51:02'),
(357, 'daren essam', 'c6sJX66ON1', '2021-07-30 14:26:20'),
(358, 'شهد جمال ابراهيم ', 'gogbVoOwCJ', '2021-07-31 08:06:43'),
(359, 'ايناس هشام حماده', '2LtpEvxPmV', '2021-07-31 16:35:40'),
(360, 'إيمان محمد السيد غازي ', 'PvldAKzCIr', '2021-07-31 16:59:28'),
(361, 'ايناس هشام متولي', 'HSlpIRQIHe', '2021-07-31 20:29:43'),
(362, 'محمد احمد النوساني', 'ZDAvSRDgMF', '2021-07-31 20:59:45'),
(363, 'إيمان محمد غازي ', 'o3dfc12N3O', '2021-08-01 18:19:40'),
(364, 'دنيا  اسماعيل', '52ZCe5JPUG', '2021-08-02 01:04:00'),
(365, 'هيثم الحايس', '1zI6OT6OPr', '2021-08-03 18:17:02'),
(366, 'احمد ابراهيم الجندى', 'Us84q9cuzF', '2021-08-05 09:59:50'),
(367, 'دنيا اسماعيل فتحي', 'Jmx6DkyJGn', '2021-08-07 05:32:45'),
(368, 'دنيا  اسماعيل فتحي', 'P42AsTUgCe', '2021-08-07 05:37:49'),
(369, 'فاطمة الزهراء عبدالقادر ', 'b87Kf7wQ8o', '2021-08-09 11:40:28'),
(370, 'دنيا  اسماعيل فتحي', 'rrQHNYJaFg', '2021-08-10 22:16:20'),
(371, 'دنيا  اسماعيل', 'QOqUgEdYf2', '2021-08-10 22:20:53'),
(372, 'Dounia ismail fathy', 'JXvd7HXTzW', '2021-08-10 22:31:11'),
(373, 'بسنت شعبان قاسم ', 'STWSujYfkQ', '2021-08-13 13:20:50'),
(374, 'سامح بهنسى 2 ث', 'f0hA3jKy2L', '2021-08-25 09:23:23'),
(375, 'سامح بهنسى 2ث', 'pfWqVFYlu2', '2021-08-25 09:26:28'),
(376, 'سامح بهنسى 1ث', 'tLUqhvF86l', '2021-08-25 09:40:38'),
(377, 'Dounia ismail fathy', 'pSeLNkGNYQ', '2021-08-28 09:06:49'),
(378, 'سامح بهنسى 3ث', 'cMES6gFg8S', '2021-08-28 18:26:01'),
(379, 'Youmna El-sayed', 'tdthHgZzjH', '2021-08-29 20:24:32'),
(380, 'DavidCex', 'bdIUt6HkvW', '2021-08-29 22:50:39'),
(381, 'Jesseinvom', 'bBJ1OiFCGj', '2021-08-30 01:05:05'),
(382, 'Anthonychard', '2QKLgjbpAM', '2021-08-30 06:45:20'),
(383, 'RichardZEDLY', 'M0SOFtRJZc', '2021-08-30 15:24:52'),
(384, 'asmaasayedhagag', 'OlEjMgDH1a', '2021-08-30 15:59:45'),
(385, 'مريم شوكت لطفي حنيش', '29UKBFYYuA', '2021-08-30 20:02:32');

-- --------------------------------------------------------

--
-- Table structure for table `youtube_live`
--

CREATE TABLE `youtube_live` (
  `id` int(11) NOT NULL,
  `link` varchar(255) NOT NULL,
  `created_at` date DEFAULT NULL,
  `status` tinyint(4) NOT NULL DEFAULT '0',
  `cat_id` int(11) NOT NULL,
  `description` text
) ENGINE=InnoDB DEFAULT CHARSET=utf8mb4;

--
-- Indexes for dumped tables
--

--
-- Indexes for table `answer`
--
ALTER TABLE `answer`
  ADD PRIMARY KEY (`id`);

--
-- Indexes for table `audios`
--
ALTER TABLE `audios`
  ADD PRIMARY KEY (`audio_id`),
  ADD KEY `audio_cat_id` (`cat_id`),
  ADD KEY `member_id_audio` (`member_id`);

--
-- Indexes for table `benfits`
--
ALTER TABLE `benfits`
  ADD PRIMARY KEY (`benfit_id`);

--
-- Indexes for table `category`
--
ALTER TABLE `category`
  ADD PRIMARY KEY (`category_id`);

--
-- Indexes for table `comments`
--
ALTER TABLE `comments`
  ADD PRIMARY KEY (`comment_id`),
  ADD KEY `comments` (`member_id`),
  ADD KEY `com` (`lesson_id`),
  ADD KEY `memb` (`post_id`);

--
-- Indexes for table `events`
--
ALTER TABLE `events`
  ADD PRIMARY KEY (`events_id`),
  ADD KEY `category` (`cat_id`);

--
-- Indexes for table `exams`
--
ALTER TABLE `exams`
  ADD PRIMARY KEY (`exam_id`);

--
-- Indexes for table `lessons`
--
ALTER TABLE `lessons`
  ADD PRIMARY KEY (`lesson_id`);

--
-- Indexes for table `lesson_member`
--
ALTER TABLE `lesson_member`
  ADD PRIMARY KEY (`lesson_member_id`),
  ADD KEY `lessson_id` (`lesson_id`),
  ADD KEY `member_id` (`member_id`);

--
-- Indexes for table `live`
--
ALTER TABLE `live`
  ADD PRIMARY KEY (`live_id`);

--
-- Indexes for table `main`
--
ALTER TABLE `main`
  ADD PRIMARY KEY (`main_id`);

--
-- Indexes for table `members`
--
ALTER TABLE `members`
  ADD PRIMARY KEY (`userid`),
  ADD UNIQUE KEY `username` (`username`);

--
-- Indexes for table `message`
--
ALTER TABLE `message`
  ADD PRIMARY KEY (`id`),
  ADD KEY `user_message` (`user_id`);

--
-- Indexes for table `part`
--
ALTER TABLE `part`
  ADD PRIMARY KEY (`part_id`),
  ADD KEY `exam_id` (`exam_id`);

--
-- Indexes for table `post`
--
ALTER TABLE `post`
  ADD PRIMARY KEY (`post_id`),
  ADD KEY `user_name` (`users`);

--
-- Indexes for table `question`
--
ALTER TABLE `question`
  ADD PRIMARY KEY (`id`),
  ADD KEY `ques` (`exam_id`),
  ADD KEY `part_id` (`part_id`);

--
-- Indexes for table `user_token`
--
ALTER TABLE `user_token`
  ADD PRIMARY KEY (`id`);

--
-- Indexes for table `youtube_live`
--
ALTER TABLE `youtube_live`
  ADD PRIMARY KEY (`id`),
  ADD KEY `youtube_live_cat_id` (`cat_id`);

--
-- AUTO_INCREMENT for dumped tables
--

--
-- AUTO_INCREMENT for table `answer`
--
ALTER TABLE `answer`
  MODIFY `id` int(11) NOT NULL AUTO_INCREMENT, AUTO_INCREMENT=73;

--
-- AUTO_INCREMENT for table `audios`
--
ALTER TABLE `audios`
  MODIFY `audio_id` int(11) NOT NULL AUTO_INCREMENT, AUTO_INCREMENT=4;

--
-- AUTO_INCREMENT for table `benfits`
--
ALTER TABLE `benfits`
  MODIFY `benfit_id` int(11) NOT NULL AUTO_INCREMENT, AUTO_INCREMENT=6;

--
-- AUTO_INCREMENT for table `category`
--
ALTER TABLE `category`
  MODIFY `category_id` int(11) NOT NULL AUTO_INCREMENT, AUTO_INCREMENT=43;

--
-- AUTO_INCREMENT for table `comments`
--
ALTER TABLE `comments`
  MODIFY `comment_id` int(11) NOT NULL AUTO_INCREMENT, AUTO_INCREMENT=14;

--
-- AUTO_INCREMENT for table `events`
--
ALTER TABLE `events`
  MODIFY `events_id` int(11) NOT NULL AUTO_INCREMENT, AUTO_INCREMENT=5;

--
-- AUTO_INCREMENT for table `exams`
--
ALTER TABLE `exams`
  MODIFY `exam_id` int(11) NOT NULL AUTO_INCREMENT, AUTO_INCREMENT=42;

--
-- AUTO_INCREMENT for table `lessons`
--
ALTER TABLE `lessons`
  MODIFY `lesson_id` int(11) NOT NULL AUTO_INCREMENT, AUTO_INCREMENT=186;

--
-- AUTO_INCREMENT for table `lesson_member`
--
ALTER TABLE `lesson_member`
  MODIFY `lesson_member_id` int(11) NOT NULL AUTO_INCREMENT, AUTO_INCREMENT=396;

--
-- AUTO_INCREMENT for table `live`
--
ALTER TABLE `live`
  MODIFY `live_id` int(11) NOT NULL AUTO_INCREMENT, AUTO_INCREMENT=12;

--
-- AUTO_INCREMENT for table `main`
--
ALTER TABLE `main`
  MODIFY `main_id` int(11) NOT NULL AUTO_INCREMENT, AUTO_INCREMENT=2;

--
-- AUTO_INCREMENT for table `members`
--
ALTER TABLE `members`
  MODIFY `userid` int(11) NOT NULL AUTO_INCREMENT, AUTO_INCREMENT=623;

--
-- AUTO_INCREMENT for table `message`
--
ALTER TABLE `message`
  MODIFY `id` int(11) NOT NULL AUTO_INCREMENT, AUTO_INCREMENT=126;

--
-- AUTO_INCREMENT for table `part`
--
ALTER TABLE `part`
  MODIFY `part_id` int(11) NOT NULL AUTO_INCREMENT, AUTO_INCREMENT=5;

--
-- AUTO_INCREMENT for table `post`
--
ALTER TABLE `post`
  MODIFY `post_id` int(11) NOT NULL AUTO_INCREMENT, AUTO_INCREMENT=76;

--
-- AUTO_INCREMENT for table `question`
--
ALTER TABLE `question`
  MODIFY `id` int(11) NOT NULL AUTO_INCREMENT, AUTO_INCREMENT=119;

--
-- AUTO_INCREMENT for table `user_token`
--
ALTER TABLE `user_token`
  MODIFY `id` int(11) NOT NULL AUTO_INCREMENT, AUTO_INCREMENT=386;

--
-- AUTO_INCREMENT for table `youtube_live`
--
ALTER TABLE `youtube_live`
  MODIFY `id` int(11) NOT NULL AUTO_INCREMENT;

--
-- Constraints for dumped tables
--

--
-- Constraints for table `audios`
--
ALTER TABLE `audios`
  ADD CONSTRAINT `audio_cat_id` FOREIGN KEY (`cat_id`) REFERENCES `category` (`category_id`) ON DELETE CASCADE ON UPDATE CASCADE,
  ADD CONSTRAINT `member_id_audio` FOREIGN KEY (`member_id`) REFERENCES `members` (`userid`) ON DELETE CASCADE ON UPDATE CASCADE;

--
-- Constraints for table `comments`
--
ALTER TABLE `comments`
  ADD CONSTRAINT `com` FOREIGN KEY (`lesson_id`) REFERENCES `lessons` (`lesson_id`) ON DELETE CASCADE ON UPDATE CASCADE,
  ADD CONSTRAINT `comments` FOREIGN KEY (`member_id`) REFERENCES `members` (`userid`) ON DELETE CASCADE ON UPDATE CASCADE,
  ADD CONSTRAINT `memb` FOREIGN KEY (`post_id`) REFERENCES `post` (`post_id`) ON DELETE CASCADE ON UPDATE CASCADE;

--
-- Constraints for table `events`
--
ALTER TABLE `events`
  ADD CONSTRAINT `category` FOREIGN KEY (`cat_id`) REFERENCES `category` (`category_id`) ON DELETE CASCADE ON UPDATE CASCADE;

--
-- Constraints for table `lesson_member`
--
ALTER TABLE `lesson_member`
  ADD CONSTRAINT `lessson_id` FOREIGN KEY (`lesson_id`) REFERENCES `lessons` (`lesson_id`) ON DELETE CASCADE ON UPDATE CASCADE,
  ADD CONSTRAINT `member_id` FOREIGN KEY (`member_id`) REFERENCES `members` (`userid`) ON DELETE CASCADE ON UPDATE CASCADE;

--
-- Constraints for table `message`
--
ALTER TABLE `message`
  ADD CONSTRAINT `user_message` FOREIGN KEY (`user_id`) REFERENCES `members` (`userid`) ON DELETE CASCADE ON UPDATE CASCADE;

--
-- Constraints for table `part`
--
ALTER TABLE `part`
  ADD CONSTRAINT `exam_id` FOREIGN KEY (`exam_id`) REFERENCES `exams` (`exam_id`) ON DELETE CASCADE ON UPDATE CASCADE;

--
-- Constraints for table `post`
--
ALTER TABLE `post`
  ADD CONSTRAINT `user_name` FOREIGN KEY (`users`) REFERENCES `members` (`userid`) ON DELETE CASCADE ON UPDATE CASCADE;

--
-- Constraints for table `question`
--
ALTER TABLE `question`
  ADD CONSTRAINT `part_id` FOREIGN KEY (`part_id`) REFERENCES `part` (`part_id`) ON DELETE CASCADE ON UPDATE CASCADE,
  ADD CONSTRAINT `ques` FOREIGN KEY (`exam_id`) REFERENCES `exams` (`exam_id`) ON DELETE CASCADE ON UPDATE CASCADE;

--
-- Constraints for table `youtube_live`
--
ALTER TABLE `youtube_live`
  ADD CONSTRAINT `youtube_live_cat_id` FOREIGN KEY (`cat_id`) REFERENCES `category` (`category_id`) ON DELETE CASCADE ON UPDATE CASCADE;
COMMIT;

/*!40101 SET CHARACTER_SET_CLIENT=@OLD_CHARACTER_SET_CLIENT */;
/*!40101 SET CHARACTER_SET_RESULTS=@OLD_CHARACTER_SET_RESULTS */;
/*!40101 SET COLLATION_CONNECTION=@OLD_COLLATION_CONNECTION */;
